--
-- PostgreSQL database dump
--

-- Dumped from database version 17.0
-- Dumped by pg_dump version 17.0

SET statement_timeout = 0;
SET lock_timeout = 0;
SET idle_in_transaction_session_timeout = 0;
SET transaction_timeout = 0;
SET client_encoding = 'UTF8';
SET standard_conforming_strings = on;
SELECT pg_catalog.set_config('search_path', '', false);
SET check_function_bodies = false;
SET xmloption = content;
SET client_min_messages = warning;
SET row_security = off;

SET default_tablespace = '';

SET default_table_access_method = heap;

--
-- Name: AllPerson; Type: TABLE; Schema: public; Owner: postgres
--

CREATE TABLE public."AllPerson" (
    "Id" integer NOT NULL,
    "FullName" text NOT NULL,
    "Birthdate" date NOT NULL
);


ALTER TABLE public."AllPerson" OWNER TO postgres;

--
-- Name: AllPerson_Id_seq; Type: SEQUENCE; Schema: public; Owner: postgres
--

ALTER TABLE public."AllPerson" ALTER COLUMN "Id" ADD GENERATED BY DEFAULT AS IDENTITY (
    SEQUENCE NAME public."AllPerson_Id_seq"
    START WITH 1
    INCREMENT BY 1
    NO MINVALUE
    NO MAXVALUE
    CACHE 1
);


--
-- Name: Contacts; Type: TABLE; Schema: public; Owner: postgres
--

CREATE TABLE public."Contacts" (
    "Id" integer NOT NULL,
    "TelephoneNumber" text NOT NULL,
    "Email" text NOT NULL,
    "LinkedIn" text NOT NULL,
    "PersonId" integer NOT NULL
);


ALTER TABLE public."Contacts" OWNER TO postgres;

--
-- Name: Contacts_Id_seq; Type: SEQUENCE; Schema: public; Owner: postgres
--

ALTER TABLE public."Contacts" ALTER COLUMN "Id" ADD GENERATED BY DEFAULT AS IDENTITY (
    SEQUENCE NAME public."Contacts_Id_seq"
    START WITH 1
    INCREMENT BY 1
    NO MINVALUE
    NO MAXVALUE
    CACHE 1
);


--
-- Name: __EFMigrationsHistory; Type: TABLE; Schema: public; Owner: postgres
--

CREATE TABLE public."__EFMigrationsHistory" (
    "MigrationId" character varying(150) NOT NULL,
    "ProductVersion" character varying(32) NOT NULL
);


ALTER TABLE public."__EFMigrationsHistory" OWNER TO postgres;

--
-- Data for Name: AllPerson; Type: TABLE DATA; Schema: public; Owner: postgres
--

COPY public."AllPerson" ("Id", "FullName", "Birthdate") FROM stdin;
1	Александр Иванов	1990-01-15
2	Мария Петрова	1985-07-23
3	Екатерина Смирнова	1992-03-10
4	Дмитрий Кузнецов	1988-11-30
5	Светлана Васильева	1995-05-05
6	Иван Сергеев	1983-09-19
7	Ольга Николаева	1979-12-08
8	Максим Павлов	1991-04-22
9	Анна Михайлова	1986-06-17
10	Николай Фёдоров	1993-08-14
11	Татьяна Лебедева	1982-02-28
12	Владимир Соколов	1994-10-03
13	Елена Орлова	1987-07-07
14	Юлия Крылова	1996-01-12
15	Сергей Ефимов	1984-05-25
16	Дарья Морозова	1990-09-09
17	Павел Гусев	1981-03-18
18	Людмила Иванова	1992-12-02
19	Виктория Киселева	1989-04-30
20	Андрей Захаров	1985-11-11
21	Наталья Соловьева	1993-02-05
22	Роман Воробьев	1978-08-20
23	Ксения Белова	1994-06-14
24	Арсений Яковлев	1980-10-21
25	Василий Григорьев	1991-03-07
26	Юлия Зайцева	1986-07-16
27	Игорь Павленко	1992-05-29
28	Анна Борисова	1987-09-12
29	Борис Чернов	1993-01-04
30	Елена Дмитриева	1988-04-18
\.


--
-- Data for Name: Contacts; Type: TABLE DATA; Schema: public; Owner: postgres
--

COPY public."Contacts" ("Id", "TelephoneNumber", "Email", "LinkedIn", "PersonId") FROM stdin;
1	+7-912-345-67-89	alexander.ivanov@example.com	https://www.linkedin.com/in/alexanderivanov	1
2	+7-913-456-78-90	maria.petrova@example.com	https://www.linkedin.com/in/mariapetrova	2
3	+7-914-567-89-01	ekaterina.smirnova@example.com	https://www.linkedin.com/in/ekaterinasmirnova	3
4	+7-915-678-90-12	dmitry.kuznetsov@example.com	https://www.linkedin.com/in/dmitrykuznetsov	4
5	+7-916-789-01-23	svetlana.vasilieva@example.com	https://www.linkedin.com/in/svetlanavasilieva	5
6	+7-917-890-12-34	ivan.sergeev@example.com	https://www.linkedin.com/in/ivansergeev	6
7	+7-918-901-23-45	olga.nikolayeva@example.com	https://www.linkedin.com/in/olganikolayeva	7
8	+7-919-012-34-56	maksim.pavlov@example.com	https://www.linkedin.com/in/maksimpavlov	8
9	+7-920-123-45-67	anna.mikhaylova@example.com	https://www.linkedin.com/in/annamikhaylova	9
10	+7-921-234-56-78	nikolay.fedorov@example.com	https://www.linkedin.com/in/nikolayfedorov	10
11	+7-922-345-67-89	tatiana.lebedeva@example.com	https://www.linkedin.com/in/tatianalebedeva	11
12	+7-923-456-78-90	vladimir.sokolov@example.com	https://www.linkedin.com/in/vladimirsokolov	12
13	+7-924-567-89-01	elena.orlova@example.com	https://www.linkedin.com/in/elenorlova	13
14	+7-925-678-90-12	yulia.krylova@example.com	https://www.linkedin.com/in/yuliakrylova	14
15	+7-926-789-01-23	sergey.efimov@example.com	https://www.linkedin.com/in/sergeyefimov	15
16	+7-927-890-12-34	darya.morozova@example.com	https://www.linkedin.com/in/daryamorozova	16
17	+7-928-901-23-45	pavel.gusev@example.com	https://www.linkedin.com/in/pavelgusev	17
18	+7-929-012-34-56	lyudmila.ivanova@example.com	https://www.linkedin.com/in/lyudmilaianova	18
19	+7-930-123-45-67	victoria.kiseleva@example.com	https://www.linkedin.com/in/victoriakiseleva	19
20	+7-931-234-56-78	andrey.zaharov@example.com	https://www.linkedin.com/in/andreyzaharov	20
21	+7-932-345-67-89	natalia.solovyeva@example.com	https://www.linkedin.com/in/nataliasolovyeva	21
22	+7-933-456-78-90	roman.vorobyev@example.com	https://www.linkedin.com/in/romanvorobyev	22
23	+7-934-567-89-01	ksenia.belova@example.com	https://www.linkedin.com/in/kseniabelova	23
24	+7-935-678-90-12	arseniiy.yakovlev@example.com	https://www.linkedin.com/in/arseniiyyakovlev	24
25	+7-936-789-01-23	vasiliy.grigoryev@example.com	https://www.linkedin.com/in/vasiliygrigoryev	25
26	+7-937-890-12-34	yulia.zaytseva@example.com	https://www.linkedin.com/in/yuliazaytseva	26
27	+7-938-901-23-45	igor.pavlenko@example.com	https://www.linkedin.com/in/igorpavlenko	27
28	+7-939-012-34-56	anna.borisova@example.com	https://www.linkedin.com/in/annaborisova	28
29	+7-940-123-45-67	boris.chernov@example.com	https://www.linkedin.com/in/borischernov	29
30	+7-941-234-56-78	elena.dmitrieva@example.com	https://www.linkedin.com/in/elena-dmitrieva	30
\.


--
-- Data for Name: __EFMigrationsHistory; Type: TABLE DATA; Schema: public; Owner: postgres
--

COPY public."__EFMigrationsHistory" ("MigrationId", "ProductVersion") FROM stdin;
20241113195737_InitialMigration	8.0.10
20241113211806_RemovedPersonToContactReference	8.0.10
\.


--
-- Name: AllPerson_Id_seq; Type: SEQUENCE SET; Schema: public; Owner: postgres
--

SELECT pg_catalog.setval('public."AllPerson_Id_seq"', 30, true);


--
-- Name: Contacts_Id_seq; Type: SEQUENCE SET; Schema: public; Owner: postgres
--

SELECT pg_catalog.setval('public."Contacts_Id_seq"', 30, true);


--
-- Name: AllPerson PK_AllPerson; Type: CONSTRAINT; Schema: public; Owner: postgres
--

ALTER TABLE ONLY public."AllPerson"
    ADD CONSTRAINT "PK_AllPerson" PRIMARY KEY ("Id");


--
-- Name: Contacts PK_Contacts; Type: CONSTRAINT; Schema: public; Owner: postgres
--

ALTER TABLE ONLY public."Contacts"
    ADD CONSTRAINT "PK_Contacts" PRIMARY KEY ("Id");


--
-- Name: __EFMigrationsHistory PK___EFMigrationsHistory; Type: CONSTRAINT; Schema: public; Owner: postgres
--

ALTER TABLE ONLY public."__EFMigrationsHistory"
    ADD CONSTRAINT "PK___EFMigrationsHistory" PRIMARY KEY ("MigrationId");


--
-- Name: IX_Contacts_PersonId; Type: INDEX; Schema: public; Owner: postgres
--

CREATE INDEX "IX_Contacts_PersonId" ON public."Contacts" USING btree ("PersonId");


--
-- Name: Contacts FK_Contacts_AllPerson_PersonId; Type: FK CONSTRAINT; Schema: public; Owner: postgres
--

ALTER TABLE ONLY public."Contacts"
    ADD CONSTRAINT "FK_Contacts_AllPerson_PersonId" FOREIGN KEY ("PersonId") REFERENCES public."AllPerson"("Id") ON DELETE CASCADE;


--
-- PostgreSQL database dump complete
--

